Store,Lineitem name,Product,Quantity
GC,Facial Hair Removal Kit - 1 Pcs,Facial Hair Removal Kit,1
GC,Synthetic Hair Donut Scrunchie - Dark Brown / 1 Pcs,Hair Donut Scrunchie,1
GC,"5 IN 1 HAIR COLOR SHAMPOO WITH KERATIN, OLIVE OIL & VITAMIN E - Dark Brown / BUY 1",Shampoo,1
GC,Hair Line Powder - Black / 1 Pcs,Hairline powder,1
GC,Feg hair growth spray - 1 Pcs,Feg Hair Growth Spray,1
GC,"5 IN 1 HAIR COLOR SHAMPOO WITH KERATIN, OLIVE OIL & VITAMIN E - Dark Brown / Buy 3 Get 15% OFF",Shampoo,3
GC,Night Shred - 15 Days Supply - 1 Bottle,Night Shred,1
GC,"5 IN 1 HAIR COLOR SHAMPOO WITH KERATIN, OLIVE OIL & VITAMIN E - Black / BUY 1",Shampoo,1
GC,Effaclar Duo Acne Spot Treatment,Effeclar Duo Acne Spot Treatment,1
GC,The Real Beef Tallow Balm - 1 Pcs,The Real Beef Tallow Balm,1
GC,"5 IN 1 HAIR COLOR SHAMPOO WITH KERATIN, OLIVE OIL & VITAMIN E - Dark Brown / BUY 2 Get 10% OFF",Shampoo,2
GC,Seapuri Scalpy Hair Serum,Seapuri Scalpy Hair System,1
GC,Facial Hair Removal Kit - 2 Pcs - 10% Off,Facial Hair Removal Kit,1
GC,Flamingo Body Hair Removal Cream,TEST,1
GN,Women’s Probiotic 30 Gummies with Cranberry & Prebiotics – 5 Billion CFU - 1 month - 30 gummies,GUMMIES,1
GN,LullaBites Natural Sleep Gummies,LullaBites,1
GN,KAHI Wrinkle Bounce Multi Balm,KAHI,1
GN,nbpure MagO7 - Natural Colon Cleanse & Detox,TEST,1
GN,Kojic Acid and Turmeric Cleansing Pads,TKAP,1
HERB,Apple Cider Vinegar Effervescent - 2 Tubes - 30 Tablets,ACVE,2
HERB,Hair Removal Oil - 1 Pcs,Oil,1
HERB,Pipeline Dredging Agent - 1 Pcs,PDA,1
HERB,Toplux Keto Burn Pills Ketosis Weight Loss - 1200 Mg Ultra Advanced Natural - 2 Month Supply - 2 Bottle,TEST,1
HERB,Hk Vitals 100% Magnesium Glycinate,TEST,1
HERB,Magnesium Glycinate (500mg) - 2 Bottles - 2 Month Supply,Mg,2
HERB,Apple Cider Vinegar Effervescent - Buy 1 Get 1 FREE - Color-free,ACVE,2
STACKS,Female Solid Perfume,TEST,1
NUTRIA,Shilajit Sea Moss,Shilajit-30,1
GLAM,Lung Cleanse Diffuser - buy 1 pcs,DIFFUSER,1
GLAM,Mullein Leaf Extract Gummies - 1 Month Supply - 1 Packet,GUMMIES,1
ML,Positioning Bed Pad Patient Transfer Sheet with Handles Washable Draw Sheets Mattress,BED PAD,1
ML,Positioning Bed Pad Patient Transfer Sheet with Handles Washable Draw Sheets Mattress - Buy 1,BED PAD,1
NB,Hijab Crown - buy 1,HIJAB,1
NB,Dr.Melaxin - Cemenrete Calcium Dark Spot Eye Cream,EYE CREAM,1
RG,"Rust Converter, Weatherproof Rust Converter Paint for Metal - Black",RUST CONVERTER,1
FS,Magnetic Rings Finger Spinner - buy 1 box,SPINNER,1
BW,Advanced Hair Growth Roll‑On Serum,Serum,1
BW,MuscleMax™ 20-in-1 Supplement Bundle,TEST,1
FM,Clinical Beauty Filler - buy 1,TEST,1
FM,Japanese Instant Pain Relief Soothing Massage Gel - Buy 1,GEL,1
FM,Derma Smooth Skin Tag Removal Patch - 72 Patches - Buy 1,DERMA,1
GRAV,Leak Repair Waterproof Spray - Buy 1,LEAKSHIELD,1
GRAV,"Magnesium Complex Supplement 8 Elemental 1000mg - Magnesium Glycinate, Citrate, Malate, Taurate, Chelated for Easy Absorption for Bones, Muscle, Recovery, Energy, Vegan Non-GMO - 1 Month Supply - 1 Bottle",Mg Complex,1
GRAV,Leak Repair Waterproof Spray - Buy 2  (10% OFF),LEAKSHIELD,2
GRAV,Leak Repair Waterproof Spray - Buy 3 (20% OFF),LEAKSHIELD,3
GRAV,"Toplux Moringa Capsules 1200mg - Pure Moringa Powder for Immune, Gut health 90 Capsules",TEST,1
GRAV,Biotin Hair Gummies,TEST,1
GRAV,Dr. Melaxin Peel Shot Exfoliating Black Rice Ampoule,TEST,1
PP,Mustawak Miswak Toothbrush  - buy 4 miswak,MISWAK,4
PP,Mustawak Miswak Toothbrush  - buy 2  miswak,MISWAK,2
PP,Automatic Cat Interactive Rolling Ball,TEST,1
WW,High-Pressure Foam Car Wash - Buy 1,CAR WASH,1
WW,Portable Water Flosser - Buy 1,FLOSSER,1
WW,Shisha To Go - Portable Car Hookah - buy 1,TEST,1
WW,Instant Ice Cream Maker Tray with Scraper - buy 1,IC TRAY,1
WW,Portable Water Flosser - Buy 2 to get 15% OFF,FLOSSER,2
FLASH,Mini Flash Towel - Buy 1,TOWEL,1
FLASH,Mini Flash Towel - Buy 3 (20% OFF),TOWEL,3
FLASH,Mini Flash Towel - Buy 2 (10% OFF),TOWEL,2
GC,DHT Blocker (Hairloss) - 2 Month Supply - 2 Bottle,DHT Blocker,2
GC,Nighttime Magnesium Cream - Lavender,TEST,1
GC,Synthetic Hair Donut Scrunchie - Dark Brown / 2 Pcs (10% off),Hair Donut Scrunchie,2
GC,Hair Line Powder - Dark Brown / 2 Pcs (10% off),Hairline powder,2
GC,Eye Serum Stick - 1 Pcs,Undereye serum PCS,1
GC,Night Shred - 1 Month Supply - 2 Bottle,Night Shred,2
GC,GlowCare Hair Revival Duo,Hair Revival Duo,1
,